title,start_date,end_date,start_time,end_time,game,tags,summary,number_of_chats,revenue
单排鼠神吃机场,01/01,,,,暗区,,聊斩杀线和阶级滑落-2ch吧爱国二次元-双标-潮流括外婆-婚恋TV,,
有病TV,01/02,,,,塔科夫,,老E-牢A牢真-餐饮-三低主播,,
套装研发中,01/03,,,,塔科夫,,加拉加斯栓角洲行动-老E-敖厂长,,
套装研发中,01/04,,,,塔科夫 暗区,,牢马tv-沈逸-大橘堡,,
套装研发中,01/05,,,,暗区,,老米的大手-牢A-串子小作文-尼姬初代节奏,,
修复点位最后的狂欢,01/06,,,,暗区,,集美轻装爬鳌太线-牢马tv-寿司tv-杆菌兄弟-老米的大手-遗老小作文,,
试驾tv,01/07,,,,塔科夫,,三角洲和暗区-不要团建-聊麻辣-二游剧情和雷点-,,
试驾tv,01/08,,,,塔科夫,,当马克思遇到耶稣-川友造谣,,
出现在卡莫纳机场莫名挂掉的四个人物,01/09,,,,暗区,,国际关系-阿梅TV-斩杀线-飞爸分钱-餐饮,,
出现在卡莫纳机场莫名挂掉的四个人物,01/10,,,,暗区,,牢A-羽中黑二创-闹钟网民-括群-商单-风水-聊麻辣-法律TV,,
机场大滴度,01/11,,,,暗区,,阿梅TV-牢A和梗的演化-聊麻辣-玩家的意见,,
机场大滴度,01/12,,,,暗区,,BD2取消和谐-鸣潮端水-聊麻辣-小吴,,
机场大滴度,01/13,,,,暗区,,括哥聊餐饮-牢A-封建迷信-阿梅/猪肉军TV,,
叮咚基,01/14,,,,少前2 检疫区,,活动剧情：信号波重度依赖-叮咚鸡,,
叮咚基,01/15,,,,检疫区,,叮咚鸡,,
,01/16,,,,,,,,
大铁棍一直劈三小时,01/17,,,,暗区,,皱皮TV-牢A-b站生态和逃税-3低主播-二游流水,,
酷也够都来,01/18,,,,鸣潮 塔科夫,,鸣潮莫宁剧情,,
,01/18,,,,暗区,,牢A和赢学-互联网显学-马经和苏联-压抑牢真-麻友赎回账号,,
电视台大王,01/19,,,,暗区,,牢A-黄汉和野史-终末地-压抑牢真,,
电视台大王,01/20,,,,暗区,,,,
实验室大王,01/21,,,,塔科夫,,鸣潮节奏-牢A和基本盘-闹钟对外国的印象-旅游团TV-生产关系和AI,,
,01/22,,,,,,,,
,01/23,,,,塔科夫 终末地,,终末地抽卡资源/开服节奏/玩法-未明子-牢A和圆脸-皱皮和二游节奏-厂家和玩法,,
,01/24,,,,暗区,,黑二创-终末地开服节奏/卡池-血染的风帆-圆脸和牢A-留嗣魔-二游社区,,
,01/25,,,,,,拉电线哈哈表情-未明子-终末地开服节奏-皱皮和川遗老-集美TV,,
,01/26,,,,,,,,
,01/27,,,,,,老驼兽支线-终末地宣发/基建,,
,01/28,,,,,,,,
,01/29,,,,,,,,
,01/30,,,,,,,,
,01/31,,,,,,通知群已死亡-男麻哥被欧皇百合子起诉-牢a小头TV-终末地刷珠子/演出-松伦股权-司马艳红/贴吧-爱泼斯坦/SJW,,
,02/01,,,,,,终末地和鸣潮剧情-麻辣小作文-Ymir-举办和未明子-爱泼斯坦和SJW-胡亥-二游流水-COR3,,
一堆任务全要打实验室何意味,02/02,,,,塔科夫,,塔和夸斯肉双排实验室-夜间不起雨-牢A-二游社区,,
飞马已经把保险,02/03,,,,暗区,,暗区飞马活动,,
飞马已经把保险,02/03,,,,暗区,,牢A-终末地,,
非8分钱肝飞马，飞马已经被保险,02/04,,,,暗区,,牢A牢真大专TV/倒塔-爱泼斯坦/马斯克/拜登-终末地-小英雄学院-学圣,4369,530.2
番茄大皇帝,02/05,,,,终末地 少前2,,抽刘莳-看瑞骋迎春至活动剧情,10083,132
老库神了没？,02/06,,,,鸣潮,,,15575,1136.7
老鹰剧情神了没？,02/07,,,,终末地 暗区,,吉尔贝塔个人任务,,
暗区神了没？,02/07,,,,暗区,,,3504,66.9
暗区神了没？,02/08,,,,暗区,,高市早苗-二游流水/ruler-男麻内战-牢A压抑TV/长短生种和憋大件-鸣潮剧情,4232,12.6
太空兄弟,02/09,,,,威赫战线,,太空兄弟-看北蓝岛,3780,33
辐射兄弟,02/09,,,,威赫战线,,太空兄弟,1710,229.9
太空兄弟高难度,02/10,,,,威赫战线,,,5367,1018.1
,02/11,,,,暗区,,碧蓝航线情书节奏-终末地驮兽/宣发-牢A和皱皮/和皇汉-散爆内部胡亥-V圈鸣潮热潮,,
电视台之王,02/12,,,,暗区,,AI商用-爱弥斯-牢A聊武松-越看越红-皱皮和鸣潮-奥特曼版权炮-老米的大手-散爆和腾子/kol/弱保软-新家圈我-威赫战线和战斗兄弟,4150,3.2
电视台之王,02/13,,,,,,,,
,02/14,,,,,,,,
真珠奶茶（隔夜店）,02/15,,,,,,,5545,99.2
真珠奶茶（隔夜店）,02/16,,,,,,,5831,3786.3
玩玩俺去,02/17,,,,,,,3418,234.9
